514,512,606
519,516,610
523,516,614
516,514,610
517,514,608
512,518,614
512,518,616
517,516,610
516,516,610
517,516,612
516,518,606
515,516,606
517,518,608
517,518,606
515,516,610
515,520,608
518,516,606
519,518,608
515,518,610
515,516,610
519,516,608
517,518,612
517,516,610
516,518,610
516,520,608
513,520,606
520,516,606
516,518,610
515,520,610
514,520,610
515,518,610
516,518,610
515,520,610
513,520,610
513,518,608
514,520,608
514,518,608
515,518,608
514,520,608
513,520,610
516,520,614
515,518,610
514,514,606
512,516,608
514,514,612
515,516,610
514,516,610
516,516,610
516,516,608
518,516,610
516,516,610
517,516,608
518,516,610
517,516,610
516,516,610
516,516,608
517,516,608
518,518,608
520,518,610
523,516,608
519,516,610
521,516,608
518,516,606
519,516,612
519,518,610
521,516,608
518,516,610
521,516,612
520,516,610
519,518,608
521,518,610
521,516,606
520,516,610
522,514,612
516,518,608
517,514,606
519,518,610
522,516,614

